INSERT INTO ACCESS_RIGHTS (RIGHT_ID, RIGHT_NAME)
VALUES 
(1, 'Admin'),
(2, 'Manager'),
(3, 'User');

INSERT INTO STAFFING_TABLE (POST, SALARY, RIGHT_ID)
VALUES 
('Team Lead', 250000, 1),
('Senior Developer', 200000, 2),
('Middle Developer', 150000, 3),
('Junior Developer', 90000, 3),
('QA Engineer', 120000, 3),
('Business Analyst', 180000, 2),
('Marketing Specialist', 130000, 3),
('HR Manager', 110000, 2);

INSERT INTO DEPARTMENT (DEPARTMENT_NAME, DEPARTMENT_LEADER_NAME, NUMBER_OF_EMPLOYEES)
VALUES 
('Разработка', 'Иванов Иван Иванович', 15),
('Тестирование', 'Петрова Мария Сергеевна', 8),
('Аналитика', 'Сидоров Алексей Владимирович', 5),
('Маркетинг', 'Кузнецова Елена Дмитриевна', 7),
('HR', 'Смирнова Ольга Павловна', 4);

INSERT INTO EMPLOYEE (EMPLOYEE_ID, EMPLOYEE_NAME, BIRTH, EMAIL, PASSWORD, POST, DEPARTMENT_NAME, DATE_OF_EMPLOYMENT)
VALUES 
(1, 'Иванов Иван Иванович', '1985-05-15', 'ivanov@company.ru', 'pass123', 'Team Lead', 'Разработка', '2018-03-10'),
(2, 'Петров Петр Петрович', '1990-07-22', 'petrov@company.ru', 'qwerty', 'Senior Developer', 'Разработка', '2019-11-05'),
(3, 'Сидорова Анна Михайловна', '1993-02-28', 'sidorova@company.ru', 'anna93', 'Middle Developer', 'Разработка', '2020-09-15'),
(4, 'Козлов Дмитрий Сергеевич', '1995-11-10', 'kozlov@company.ru', 'dima95', 'Junior Developer', 'Разработка', '2021-06-20'),
(5, 'Петрова Мария Сергеевна', '1988-04-18', 'petrova@company.ru', 'maria88', 'QA Engineer', 'Тестирование', '2017-08-12');

INSERT INTO PROJECT (PROJECT_ID, PROJECT_NAME, START_PROJECT, END_PROJECT, PROJECT_STATUS)
VALUES 
(1, 'Разработка CRM системы', '2023-01-15', '2023-12-31', 'Планируется'),
(2, 'Модернизация веб-портала', '2023-03-01', '2023-09-30', 'В работе'),
(3, 'Внедрение BI системы', '2023-05-10', '2024-02-28', 'Планируется'),
(4, 'Разработка мобильного приложения', '2022-11-01', '2023-06-30', 'Завершен'),
(5, 'Обновление ИТ инфраструктуры', '2023-02-20', '2023-08-15', 'В работе');

INSERT INTO PARTICIPATION (EMPLOYEE_ID, PROJECT_ID)
VALUES 
(1, 1),
(1, 2),
(2, 1),
(2, 4),
(3, 1),
(3, 3),
(4, 2),
(4, 5),
(5, 1),
(5, 2),
(5, 4);

ALTER TABLE project ALTER COLUMN project_id ADD GENERATED BY DEFAULT AS IDENTITY;
ALTER SEQUENCE project_project_id_seq RESTART WITH 6;

ALTER TABLE employee ALTER COLUMN employee_id ADD GENERATED BY DEFAULT AS IDENTITY;
ALTER SEQUENCE employee_employee_id_seq RESTART WITH 6;